posterId,wordId
3,1
3,2
3,3
4,1
4,4
5,1
5,5
5,6
6,7
6,8
7,9
7,10
7,11
8,1
8,12
8,13
8,14
8,15
9,16
9,17
9,18
9,19
10,20
11,4
11,21
11,22
12,23
12,24
12,19
12,25
13,2
13,16
13,1
14,23
14,24
14,9
14,26
14,27
15,28
15,29
15,30
16,31
16,20
17,19
17,16
17,32
17,33
18,34
18,35
19,31
19,36
19,37
19,38
19,39
20,23
20,24
20,40
21,41
21,16
21,42
21,11
22,43
22,16
22,44
23,45
23,46
23,47
23,10
23,36
24,48
24,42
24,9
24,49
24,50
25,46
25,51
25,52
25,40
25,36
25,49
25,50
25,53
25,30
26,5
26,11
26,22
26,9
26,47
27,16
27,54
27,55
27,19
27,40
28,53
28,14
28,42
28,49
28,50
29,9
29,40
29,26
30,45
30,46
30,40
30,56
30,57
31,9
31,58
31,59
31,40
32,26
32,55
32,42
32,56
32,57
33,58
33,59
33,60
33,45
33,36
34,61
34,41
34,46
34,1
34,62
35,1
35,63
35,64
35,26
36,41
36,16
36,65
36,66
36,67
36,40
36,36
37,46
37,68
37,69
37,53
37,14
37,49
37,50
38,53
38,14
38,46
38,43
38,51
38,52
39,70
39,71
39,11
39,19
39,46
40,19
40,46
40,53
40,72
40,73
40,49
40,50
41,74
41,75
41,19
42,76
42,77
42,78
43,70
43,79
43,16
43,1
43,80
44,81
44,82
44,19
44,83
44,84
44,85
44,36
45,19
45,86
45,40
45,34
46,16
46,80
46,77
47,79
47,16
47,1
47,80
47,62
48,2
48,87
48,35
49,4
49,3
49,88
50,1
50,12
50,55
51,81
51,48
51,89
51,90
51,91
52,2
52,40
52,11
53,41
53,1
53,92
53,16
53,93
54,41
54,16
54,21
54,46
54,94
55,95
55,96
55,46
56,97
56,98
56,99
56,34
57,1
57,6
57,36
58,55
58,100
58,101
58,40
58,102
59,103
59,74
60,3
60,104
60,105
60,106
60,107
61,1
61,19
61,108
62,9
62,7
63,109
63,70
63,96
63,110
63,111
64,48
64,40
64,53
65,46
65,112
66,113
66,114
66,115
66,116
66,16
67,40
67,30
67,36
67,117
67,27
68,1
68,118
68,119
68,120
68,115
68,121
69,16
70,55
70,122
70,120
70,123
71,16
71,124
71,115
71,120
71,125
72,14
72,126
73,127
73,16
73,100
73,128
73,129
73,102
74,19
74,130
74,131
75,132
75,133
76,79
76,40
77,19
77,46
77,1
77,134
78,1
78,4
78,40
78,55
78,91
78,135
79,79
79,16
79,1
79,80
79,136
80,1
80,77
81,1
81,104
81,137
81,138
81,139
82,110
82,19
82,1
83,1
83,80
83,22
83,140
84,2
84,141
84,87
84,142
84,143
85,9
85,144
85,3
86,1
86,145
86,146
87,16
87,1
87,13
88,9
88,147
88,107
88,23
89,1
89,9
89,3
90,1
90,148
90,149
91,48
91,45
91,58
91,117
91,150
91,53
91,40
91,36
91,151
91,30
91,152
91,43
92,70
92,153
92,154
93,155
93,156
94,70
94,9
94,19
94,4
94,48
95,1
95,54
95,14
95,53
96,31
96,20
96,106
97,157
97,158
97,134
97,159
97,160
97,161
97,137
97,147
98,115
98,109
98,162
99,2
99,11
99,163
99,14
100,31
100,19
100,16
101,16
101,87
101,164
102,34
102,20
103,137
103,111
104,1
104,16
104,165
104,87
104,166
105,18
105,87
105,167
106,1
106,104
106,22
106,43
107,1
107,168
107,6
108,34
108,169
108,53
108,170
109,171
109,106
110,55
110,172
110,173
111,18
111,174
112,175
112,176
112,85
112,165
112,164
112,177
113,1
113,80
113,178
114,176
114,77
114,179
114,6
115,16
115,180
115,53
116,181
116,55
116,109
117,182
117,183
117,184
118,185
118,182
118,33
118,186
119,187
119,185
119,188
119,189
120,41
120,33
120,190
121,40
121,53
121,191
122,1
122,148
122,129
123,1
123,168
123,192
124,1
124,176
124,18
125,1
125,80
125,193
125,194
125,195
126,175
126,1
127,16
127,1
127,80
127,196
127,96
127,197
127,198
127,199
127,147
127,200
128,36
128,8
128,19
128,131
129,16
129,80
129,201
129,100
129,154
130,202
130,32
130,203
130,33
130,157
130,204
131,11
131,157
131,205
132,187
132,55
132,206
133,109
133,34
134,176
134,207
134,179
135,208
136,89
136,21
136,209
136,3
137,48
137,169
137,67
137,40
138,187
138,36
138,111
139,109
139,210
139,36
140,110
140,34
141,109
141,211
142,1
142,168
142,212
142,9
143,16
143,1
143,13
143,72
143,36
144,18
144,3
145,36
145,213
145,55
146,5
146,121
147,1
147,168
147,214
147,215
148,36
148,110
148,216
148,28
148,151
149,1
149,129
149,217
149,178
149,218
150,80
150,219
150,177
150,179
151,220
151,177
151,166
152,58
152,9
152,60
153,31
153,121
153,19
153,221
154,1
154,7
154,222
154,223
154,36
154,30
154,224
155,225
155,226
155,10
155,36
156,211
156,55
156,122
157,40
157,227
157,228
158,87
158,229
158,230
159,4
159,78
159,40
160,19
160,7
160,9
160,47
161,231
161,232
161,217
161,233
161,103
162,75
163,46
163,234
163,235
163,52
163,68
164,1
164,16
164,236
165,55
165,237
165,9
165,104
165,40
165,3
165,144
166,46
166,238
166,14
166,34
167,239
168,104
168,240
168,169
168,36
169,80
169,1
169,241
169,149
170,46
170,53
170,242
171,53
171,243
171,211
172,244
172,14
172,121
173,19
173,26
173,82
173,67
173,245
173,228
173,246
174,16
174,108
174,19
174,40
175,247
175,30
175,248
175,249
175,250
175,251
175,202
175,1
176,9
176,68
176,19
176,1
176,252
176,253
177,121
177,84
177,200
177,9
177,112
178,179
178,254
178,255
178,3
178,256
179,121
179,257
179,19
179,40
179,67
180,19
180,16
180,217
180,258
181,115
181,259
181,260
182,36
182,34
182,19
182,17
183,19
183,16
183,261
183,262
183,9
183,263
183,264
184,1
184,265
184,9
185,1
185,266
186,80
186,267
186,268
187,137
188,1
188,55
189,19
189,175
189,176
189,57
189,245
190,31
190,269
190,270
190,110
190,111
190,121
191,97
191,14
191,199
192,1
192,168
192,109
193,77
193,271
193,20
194,40
194,272
194,136
195,40
195,9
196,31
196,35
196,19
197,1
197,168
197,212
197,110
197,111
198,1
198,97
198,48
198,273
199,20
200,20
201,109
201,20
202,109
202,60
205,60
205,109
205,8
206,110
206,20
207,20
208,146
208,109
208,106
208,115
208,274
208,34
209,16
209,19
209,14
209,110
209,111
210,16
210,275
210,1
210,276
210,7
211,110
211,20
212,44
212,277
212,53
212,10
213,36
213,111
213,22
213,146
213,19
214,16
214,1
214,213
214,91
214,135
214,72
214,46
215,137
215,111
216,53
216,109
216,11
217,1
217,168
217,278
217,36
218,110
218,111
218,279
219,31
219,20
219,8
220,163
220,20
220,280
220,281
221,282
221,114
221,283
222,36
222,34
222,217
222,19
223,70
223,259
223,260
224,16
224,21
224,284
224,46
224,36
225,9
225,4
225,285
226,16
226,286
226,1
226,5
227,4
227,55
227,19
227,2
228,16
228,287
228,55
228,5
229,110
229,111
229,19
229,14
229,288
230,136
230,11
230,137
231,16
231,1
231,132
231,47
231,36
232,20
232,19
232,46
233,1
233,80
233,95
234,289
234,46
234,53
235,290
235,109
236,3
236,22
236,36
237,55
237,26
237,9
237,134
238,16
238,1
238,291
238,7
238,292
238,273
239,293
239,46
239,11
240,1
240,80
240,294
241,295
241,196
241,3
241,104
242,1
242,223
242,16
242,296
243,186
243,297
243,3
244,46
244,298
244,10
245,1
245,22
246,69
246,167
246,68
247,1
247,168
247,14
247,299
247,300
247,301
248,302
248,136
248,9
249,46
249,303
249,69
249,110
249,111
250,46
250,11
250,304
250,305
250,163
251,1
251,266
251,3
252,14
252,19
252,111
253,1
253,306
253,14
253,68
253,307
254,3
254,58
254,187
255,53
255,170
255,40
255,19
255,14
255,49
255,50
255,20
256,290
256,40
256,167
257,19
257,134
257,3
258,16
258,9
258,308
259,243
259,30
259,53
259,10
259,246
260,1
260,84
260,97
260,14
260,199
260,87
260,270
261,1
261,115
261,22
261,3
262,1
262,21
262,196
263,309
263,307
263,146
264,1
264,167
264,3
265,40
265,306
265,310
265,311
265,312
266,167
266,40
266,234
267,16
267,32
267,5
268,313
268,47
268,45
269,53
269,137
269,60
270,16
270,21
270,314
270,315
270,18
271,21
271,316
272,21
272,317
272,128
273,16
273,21
273,318
274,21
274,68
275,16
275,21
275,319
276,163
276,20
276,121
277,21
277,16
277,320
278,21
278,269
278,111
279,19
279,321
279,159
279,40
279,111
280,110
280,20
281,112
282,53
282,157
282,62
283,175
283,270
283,19
283,322
283,323
284,175
284,176
284,324
284,325
284,121
285,16
285,326
285,205
285,310
285,327
286,16
286,326
286,328
287,19
287,36
287,110
288,16
288,325
288,329
288,40
288,36
289,325
289,330
289,26
289,30
289,36
290,331
290,60
290,109
291,31
291,121
291,3
292,19
292,108
292,36
293,60
293,109
293,110
293,111
294,34
294,36
294,187
295,106
295,259
296,332
296,106
296,84
297,16
297,333
297,147
298,334
298,98
298,147
298,199
298,335
299,20
300,16
300,167
300,36
301,109
302,1
302,168
302,36
302,20
303,1
303,167
303,40
304,16
304,5
304,336
304,19
305,48
305,78
305,53
305,9
306,16
306,337
306,1
307,31
307,36
308,55
308,19
308,46
308,338
309,55
309,19
309,46
309,106
310,19
310,46
310,170
310,121
311,170
311,40
311,243
312,19
312,272
312,339
312,46
313,19
313,40
313,227
313,46
314,55
315,48
315,56
315,57
315,40
315,4
316,36
316,20
317,106
317,35
318,20
318,43
319,111
319,70
320,155
320,112
321,106
321,109
321,110
321,111
322,70
322,16
322,168
322,60
323,31
323,55
323,122
323,151
324,53
324,269
324,110
324,111
325,307
325,309
325,46
325,51
326,3
326,340
326,111
327,1
327,84
327,111
327,147
328,18
328,147
328,341
328,231
329,147
329,334
329,3
329,296
330,16
330,1
330,342
330,53
331,1
331,168
331,36
331,110
331,111
332,19
332,16
332,21
332,70
332,342
332,343
333,16
333,213
333,147
333,217
333,344
334,16
334,128
334,345
334,147
334,346
335,1
335,295
335,96
336,1
336,147
336,347
336,348
337,16
337,128
337,345
337,196
338,1
338,347
338,349
339,1
339,148
340,1
340,148
340,96
340,350
341,1
341,351
341,352
342,353
342,344
342,217
343,34
343,288
344,1
344,12
344,6
345,19
345,16
345,354
345,355
345,356
346,31
346,14
346,111
347,357
347,358
347,166
347,34
348,19
348,320
348,7
348,358
349,176
349,359
349,360
350,1
350,147
350,334
350,84
351,361
351,359
351,362
352,146
352,363
352,34
352,364
352,365
353,19
353,366
353,367
354,345
354,190
354,7
354,368
354,296
355,190
355,75
355,345
355,366
355,296
356,369
357,370
357,137
357,111
358,295
358,3
358,96
358,371
359,372
359,10
359,237
360,77
360,6
360,135
360,296
361,10
361,363
361,373
361,155
362,374
362,9
362,104
362,3
362,53
363,46
363,68
363,110
363,217
364,19
364,154
364,346
365,19
365,375
365,280
365,376
365,377
366,34
366,14
366,109
366,20
367,77
367,96
367,378
367,269
367,112
368,70
368,379
368,306
368,147
368,190
369,344
369,91
369,135
370,20
370,106
370,70
371,380
371,20
372,217
372,14
372,358
373,46
373,68
373,11
373,55
374,16
374,5
374,109
374,60
375,96
375,371
375,3
375,9
376,358
376,19
376,374
376,109
377,35
377,109
378,109
378,369
378,381
379,382
379,383
379,384
379,19
379,385
380,8
380,109
380,386
380,387
381,31
381,111
381,109
381,34
382,19
382,9
382,109
383,70
383,3
383,22
383,104
383,111
384,19
384,280
384,377
385,388
385,46
385,111
385,70
386,168
386,202
386,7
387,19
387,368
387,20
388,20
388,19
388,14
389,20
389,87
390,19
390,79
390,16
390,1
390,80
390,18
391,14
391,369
391,111
392,70
392,46
392,19
392,10
392,1
393,19
393,363
393,364
393,356
394,7
394,273
394,368
394,96
395,146
395,39
395,109
396,14
396,389
396,147
396,199
396,96
397,269
397,109
397,111
398,19
398,384
398,111
399,19
399,269
399,14
399,53
400,19
400,14
400,70
400,390
401,391
401,275
402,46
402,68
402,109
402,111
403,70
403,3
403,109
403,111
404,19
404,363
404,78
404,14
405,217
406,109
406,357
406,39
406,38
406,70
406,40
406,387
407,187
407,333
407,20
408,380
408,392
408,19
408,181
409,109
409,14
409,166
409,34
410,19
410,363
410,364
411,19
411,78
411,34
412,34
412,39
413,109
413,380
413,111
414,20
415,19
415,87
415,68
416,39
416,109
417,39
417,109
417,157
418,109
418,383
418,393
419,39
419,109
419,394
420,46
420,68
420,87
420,368
420,3
420,7
420,345
421,34
421,14
421,39
422,7
422,137
423,80
423,270
424,46
424,395
424,19
424,34
424,39
425,202
425,396
425,397
425,398
426,380
426,20
426,112
427,19
427,46
427,26
427,14
428,55
428,19
428,46
428,121
429,46
429,19
429,28
429,121
430,40
430,191
430,399
431,70
431,109
431,358
431,55
432,19
432,46
432,16
432,1
432,80
433,334
433,98
433,147
433,400
434,46
434,19
434,109
435,110
435,111
435,109
435,21
436,10
436,7
436,87
437,46
437,78
437,53
437,19
437,401
437,279
438,46
438,19
438,78
439,147
439,19
439,16
439,1
440,148
440,19
440,168
441,39
441,43
441,6
441,135
442,31
442,111
442,60
443,368
443,7
443,402
444,148
444,200
444,403
444,18
445,70
445,77
445,366
446,31
446,20
446,19
446,3
446,14
447,20
447,70
447,16
447,404
448,109
448,38
448,210
449,14
449,34
449,77
449,22
450,31
450,111
450,19
450,14
451,111
451,19
451,357
452,31
452,111
452,70
452,19
452,53
453,110
453,20
454,19
454,405
454,111
455,118
455,119
456,46
456,55
456,237
457,70
457,14
457,3
457,22
458,19
458,196
458,406
459,34
459,14
459,68
459,22
460,16
460,84
460,200
460,87
460,147
460,96
460,407
460,344
460,7
460,68
460,368
460,275
460,3
461,187
461,109
461,20
462,408
462,109
462,8
463,408
463,109
463,36
464,19
464,46
464,68
464,368
464,366
464,87
465,368
465,190
465,7
465,345
465,366
465,367
465,147
465,346
466,368
466,7
466,190
466,345
466,147
466,346
467,409
467,7
467,19
467,46
467,112
468,70
468,109
468,358
468,8
468,111
469,363
469,10
469,410
470,217
470,188
470,411
471,13
471,412
471,112
472,19
472,46
472,68
472,197
472,7
472,366
472,413
472,403
473,31
474,13
474,412
474,112
475,55
475,109
475,380
476,46
476,395
476,414
476,11
477,46
477,11
477,60
478,20
479,409
479,109
479,415
480,19
480,9
480,55
480,169
481,111
481,109
481,60
481,39
481,358
482,190
482,368
482,7
482,296
482,345
483,80
483,79
483,18
484,46
484,68
485,7
485,296
485,346
485,190
485,147
485,345
485,366
486,368
486,7
486,296
486,190
486,147
486,346
487,20
487,416
488,19
488,46
488,62
488,72
489,19
489,46
489,70
489,26
490,19
490,70
490,417
490,112
490,409
490,418
491,80
491,295
491,3
492,55
492,172
492,70
492,9
492,239
492,57
493,110
493,111
493,19
493,39
494,55
494,68
494,134
494,157
494,9
494,304
495,19
495,9
495,1
495,16
495,57
496,82
496,70
496,111
497,79
497,82
498,48
498,132
498,88
498,1
498,80
498,419
498,53
499,84
499,16
499,165
499,1
499,19
499,87
499,17
500,28
500,30
500,420
501,200
501,421
501,87
501,263
501,264
501,422
501,423
501,424
501,199
501,197
501,96
501,147
501,68
501,190
501,368
501,425
502,16
502,1
502,422
502,421
502,200
502,68
502,426
502,427
503,158
503,227
503,40
504,70
504,1
504,16
504,80
505,18
505,91
505,135
505,104
505,240
505,137
506,40
506,46
506,134
507,55
507,19
507,47
507,428
507,228
508,196
508,21
508,429
508,430
508,134
508,426
508,431
508,432
509,46
509,26
509,30
510,134
510,433
511,1
511,153
511,215
512,70
512,434
513,82
513,28
514,2
514,307
514,46
514,52
515,31
515,216
515,121
515,70
515,46
515,19
515,16
516,110
516,216
516,239
517,134
518,1
518,7
518,16
518,345
518,72
518,435
518,436
519,16
519,1
519,87
520,33
520,437
520,132
520,187
521,16
521,435
522,16
522,217
522,368
522,402
522,202
523,121
523,157
523,205
523,19
523,16
523,333
524,19
524,280
524,108
524,424
524,232
524,231
525,28
525,216
525,19
525,56
525,104
525,438
525,407
526,19
526,243
526,53
526,439
526,40
526,36
527,70
527,440
527,19
527,421
528,55
528,151
528,441
529,1
529,259
530,11
530,3
530,235
530,253
531,1
531,21
531,398
532,239
532,121
532,158
533,1
533,80
533,16
533,306
534,16
534,1
534,442
534,53
535,333
535,9
535,134
536,16
536,1
536,3
536,147
536,18
536,443
536,46
536,68
537,157
537,9
537,333
537,444
537,445
537,446
538,16
538,1
538,41
538,368
538,68
538,87
538,263
538,264
539,84
539,87
539,28
540,9
540,2
540,19
540,1
541,1
541,447
541,448
541,295
541,196
541,267
541,3
541,200
541,96
542,16
542,325
542,430
542,196
542,21
543,449
543,301
543,228
543,3
544,1
544,14
545,109
545,210
546,111
546,36
546,109
546,357
547,175
547,77
547,11
547,450
547,451
547,128
547,109
548,1
548,452
548,6
549,1
549,273
549,14
549,15
550,1
550,266
551,1
551,273
551,200
551,18
551,453
552,1
552,266
553,1
553,16
553,80
553,47
553,3
553,30
553,9
553,36
554,454
554,109
554,36
555,1
555,109
555,9
556,421
556,200
556,455
557,16
557,128
557,345
557,200
558,181
558,256
558,305
559,19
559,359
559,371
559,26
560,28
560,19
560,16
560,1
560,157
560,134
560,9
561,175
561,9
561,324
561,228
562,19
562,16
562,1
563,55
563,26
563,70
563,46
564,55
564,26
564,46
564,62
565,55
565,42
565,146
565,288
566,202
566,118
566,119
566,120
566,115
566,197
566,96
567,9
567,21
567,456
567,68
567,40
568,19
568,80
568,356
568,457
569,157
569,55
569,458
569,269
569,407
569,459
570,16
570,460
570,461
570,200
571,462
571,157
571,187
571,21
572,48
572,40
572,30
572,463
572,21
572,464
573,31
573,22
573,23
573,24
573,45
573,60
574,1
574,266
575,16
575,1
575,213
575,7
575,87
575,199
575,96
575,366
576,1
576,266
576,465
577,1
577,21
577,466
578,16
578,1
578,273
579,1
579,5
579,14
580,1
580,266
580,294
581,1
581,80
581,32
582,1
582,13
582,22
582,34
583,1
583,6
584,1
584,14
585,1
585,266
585,6
586,16
586,128
586,467
586,336
586,1
587,1
587,223
587,72
587,46
588,1
588,47
589,449
589,187
589,183
589,184
590,16
590,217
590,302
590,468
591,295
591,452
592,19
592,469
592,470
592,410
593,16
593,137
593,302
593,217
594,148
594,217
594,11
594,294
594,128
595,1
595,217
595,302
595,468
596,19
596,40
596,285
596,53
596,20
597,217
597,471
597,14
597,34
597,166
598,1
598,200
598,217
598,472
599,16
599,217
599,97
599,473
599,1
600,16
600,128
600,345
600,337
600,474
601,14
601,3
601,111
602,217
602,411
602,14
603,22
603,285
604,14
605,175
605,333
605,196
605,1
605,223
605,217
605,302
605,30
606,1
606,302
606,475
607,21
607,476
607,217
607,302
608,60
608,3
608,166
608,233
609,1
609,5
610,1
610,84
610,200
610,477
611,35
611,36
612,1
612,168
612,478
613,36
613,34
613,20
614,1
614,266
615,1
615,54
615,14
616,1
616,306
616,115
616,7
617,1
617,479
617,480
617,341
618,335
618,216
618,70
618,91
618,481
618,482
619,16
619,168
619,19
619,209
620,1
620,479
620,480
621,34
621,60
621,19
622,1
622,168
622,217
622,483
622,19
623,157
623,147
623,231
623,480
624,19
624,87
624,60
625,31
625,20
625,106
625,484
626,137
626,20
627,1
627,266
628,55
628,206
628,237
628,181
629,1
629,87
629,6
630,1
630,84
630,112
630,147
630,199
630,197
630,97
630,14
630,217
630,411
631,31
631,485
631,46
631,68
631,36
632,36
632,111
632,34
633,109
633,36
634,1
634,77
634,107
635,1
635,41
635,217
636,1
636,84
636,486
636,354
636,487
636,488
637,16
637,176
637,489
637,490
637,6
637,30
638,16
638,1
638,326
638,489
638,368
638,263
638,264
638,490
638,190
639,16
639,1
639,320
639,304
639,2
640,16
640,21
640,491
641,80
641,492
641,76
641,286
642,19
642,335
642,339
642,258
642,46
642,78
642,307
643,1
643,266
644,159
644,68
644,88
645,7
645,493
645,494
645,495
645,222
645,339
645,496
646,176
646,148
646,497
647,1
647,420
647,498
647,499
647,335
648,500
648,77
648,501
649,1
649,389
649,502
650,1
650,359
650,96
650,371
650,389
650,411
650,497
650,30
651,121
651,46
651,53
651,131
652,46
652,87
652,16
652,72
653,488
653,109
653,356
654,488
654,46
654,167
655,503
655,504
655,304
656,1
656,104
656,371
656,505
656,359
657,389
657,497
657,68
658,69
658,131
658,146
659,1
659,506
659,497
660,1
660,148
660,497
660,97
661,16
661,1
661,13
661,507
661,508
662,290
662,167
663,1
663,53
663,192
664,434
664,108
664,69
665,3
665,509
666,121
666,356
667,31
667,20
667,19
667,53
667,14
668,1
668,510
668,511
669,163
669,512
669,137
670,1
670,513
670,209
670,36
671,145
671,10
671,69
671,45
672,1
672,5
672,16
672,13
673,19
673,137
673,20
674,30
674,26
674,46
674,9
674,70
674,57
674,117
674,159
675,304
675,2
675,305
675,18
675,213
676,137
676,19
676,514
677,87
677,386
677,8
678,16
678,1
678,128
678,302
679,515
679,313
679,88
680,84
680,134
680,19
680,14
681,1
681,96
681,197
682,1
682,12
682,87
683,1
683,326
683,276
683,53
684,1
684,147
684,334
684,306
684,14
685,196
685,516
685,147
686,1
686,12
686,200
687,1
687,200
687,276
688,1
688,84
688,97
688,14
688,98
688,516
688,147
689,1
689,266
689,6
689,121
689,48
690,1
690,452
690,516
690,147
691,1
691,294
691,199
691,516
691,351
692,1
692,273
692,263
692,264
693,1
693,84
693,147
693,516
694,1
694,266
695,1
695,147
695,516
695,97
695,14
696,1
696,97
696,14
696,147
696,516
697,1
697,501
697,147
697,96
698,1
698,98
698,516
698,147
698,517
699,1
699,91
699,518
699,519
700,147
700,57
700,77
700,36
701,1
701,147
701,334
702,1
702,223
702,403
703,1
703,98
703,334
703,147
703,516
704,1
704,3
704,7
704,520
705,1
705,273
705,306
705,14
705,147
705,516
706,176
706,6
706,87
707,1
707,98
707,411
707,199
707,197
708,521
708,93
708,147
709,147
709,334
709,98
709,522
709,360
710,306
710,147
710,516
710,523
710,359
711,1
711,147
711,334
711,96
711,379
712,1
712,98
712,334
712,96
712,379
713,1
713,98
713,334
713,147
714,80
714,147
714,517
714,516
715,1
715,6
715,200
716,1
716,6
716,516
716,147
717,16
717,1
717,516
717,524
717,525
718,1
718,176
718,526
718,147
719,1
719,15
719,36
720,521
720,516
720,147
720,527
721,1
721,7
721,278
721,147
721,516
721,30
722,16
722,98
722,516
722,528
722,529
723,1
723,84
723,199
723,411
723,7
723,68
724,176
724,147
724,517
724,530
724,98
725,1
725,296
725,6
726,1
726,84
726,98
726,516
726,87
726,97
726,14
727,1
727,98
727,516
727,270
728,147
728,516
728,187
729,1
729,98
729,516
729,199
729,411
730,1
730,452
730,359
730,199
730,96
730,97
730,147
731,1
731,147
731,516
731,96
731,379
732,1
732,98
732,516
732,359
732,523
733,16
733,199
733,21
734,1
734,200
734,98
734,516
735,16
735,1
735,147
735,516
736,1
736,147
736,516
736,517
736,30
737,1
737,147
737,517
737,98
737,72
738,1
738,273
738,278
739,1
739,273
739,14
739,15
739,98
739,516
740,1
740,200
740,98
740,334
741,1
741,147
741,516
742,36
742,34
742,14
742,20
743,1
743,98
743,516
743,199
743,18
744,147
744,98
744,516
745,16
745,100
745,531
746,31
746,109
747,176
747,98
747,516
748,1
748,176
748,147
748,364
748,36
749,1
749,147
749,334
749,14
750,1
750,531
750,532
750,223
751,175
751,98
751,334
751,533
751,147
752,306
752,147
752,516
753,1
753,98
753,411
753,14
754,84
754,147
754,334
754,98
754,534
754,535
755,1
755,98
755,147
755,517
755,14
756,176
756,175
756,196
756,147
756,98
757,1
757,526
757,461
757,14
758,1
758,501
758,147
758,334
759,176
759,147
759,334
759,516
760,1
760,13
760,296
761,1
761,536
762,1
762,147
762,334
762,121
763,19
763,147
763,196
764,1
764,266
764,15
764,68
765,1
765,14
765,15
766,1
766,266
766,14
766,15
767,1
767,266
768,1
768,200
768,97
768,36
769,9
769,306
769,525
770,48
770,16
770,80
770,98
770,334
770,270
770,30
771,1
771,199
771,3
772,1
772,14
773,1
773,526
773,6
774,1
774,506
774,359
775,1
775,12
775,273
775,14
775,15
776,1
776,526
776,199
776,411
776,36
777,1
777,266
777,6
777,351
777,36
778,1
778,266
778,223
778,188
778,296
779,16
779,537
779,199
780,16
780,538
780,506
780,96
780,199
780,97
781,1
781,200
781,14
782,1
782,539
783,1
783,6
783,49
783,50
784,1
784,12
784,6
785,1
785,6
785,77
786,1
786,18
786,72
786,168
786,20
787,1
787,6
787,223
787,34
788,1
788,196
788,452
788,540
789,147
789,516
789,36
790,147
790,334
790,541
791,1
791,273
791,14
791,15
791,539
791,36
792,1
792,13
792,291
792,200
793,14
793,47
793,20
794,1
794,273
794,75
794,3
794,36
795,1
795,12
795,6
795,3
795,14
795,30
796,1
796,6
796,5
797,1
797,3
797,117
797,72
797,53
798,1
798,6
798,21
798,30
799,1
799,13
799,199
799,49
799,50
800,1
800,12
800,68
801,1
801,200
801,244
801,14
802,1
802,501
802,359
802,371
802,98
802,542
803,147
803,334
803,98
803,36
804,217
804,188
804,111
805,1
805,147
805,334
805,14
806,1
806,13
806,3
807,1
807,84
807,111
807,3
807,9
807,36
808,1
808,77
809,1
809,176
809,13
809,6
809,14
809,342
810,1
810,13
810,452
810,6
811,40
811,1
811,80
812,199
812,543
812,411
812,217
812,472
813,1
813,18
813,72
814,1
814,168
814,418
815,1
815,13
815,12
815,200
816,1
816,15
816,273
817,1
817,13
817,12
817,87
818,1
818,286
819,1
819,217
819,411
820,48
820,16
820,21
820,5
821,1
821,544
821,21
821,174
821,36
822,1
822,15
822,273
823,1
823,545
823,72
823,307
824,1
824,398
824,546
824,291
825,1
825,80
825,367
825,359
825,371
825,91
825,547
825,84
825,548
826,1
826,12
826,6
826,87
827,1
827,222
827,7
827,549
827,550
828,1
828,134
828,45
829,175
829,217
829,302
829,18
830,34
830,36
830,19
830,270
831,16
831,201
831,102
831,53
832,3
832,87
832,209
833,91
833,135
834,1
834,6
834,91
834,135
835,1
835,506
835,199
835,84
836,1
836,97
836,96
837,1
837,217
837,411
837,91
837,410
838,1
838,19
838,217
838,551
838,552
838,472
839,31
839,14
839,147
839,97
840,19
840,14
840,147
840,366
841,19
841,227
841,14
841,20
842,36
842,19
842,3
843,1
843,553
843,75
843,554
843,539
843,452
844,31
844,14
844,20
845,199
845,96
845,109
846,3
846,199
846,543
846,506
847,1
847,168
847,147
847,534
848,148
848,376
848,147
848,451
849,16
849,336
849,291
849,1
849,295
849,104
850,80
850,18
850,354
850,376
851,217
851,411
852,1
852,168
852,70
852,48
853,31
853,20
853,555
853,111
853,43
854,217
854,551
854,556
854,479
855,70
855,1
855,168
855,405
856,1
856,176
856,217
856,363
857,217
857,411
857,551
857,363
858,557
858,217
858,363
858,558
859,36
859,35
860,31
860,111
860,19
860,410
861,1
861,91
861,410
861,263
861,264
862,1
862,16
862,559
863,1
863,223
863,296
863,72
863,53
864,1
864,14
864,273
864,7
864,560
864,278
865,1
865,21
865,3
865,217
865,109
866,16
866,21
866,11
866,33
867,141
867,2
867,561
867,57
868,252
868,217
868,104
869,217
869,49
869,96
869,104
870,252
870,217
870,562
870,9
870,36
871,1
871,104
871,217
871,359
871,30
872,104
872,9
872,217
873,371
873,112
873,105
873,563
873,564
873,565
873,566
873,359
873,96
874,1
874,11
874,137
874,20
875,87
875,11
875,40
876,21
877,55
877,56
877,57
877,9
877,441
878,77
878,104
878,169
879,1
879,273
879,265
879,169
880,9
880,4
880,36
880,121
880,48
880,2
881,55
881,206
881,151
881,369
882,1
882,80
882,9
882,36
883,1
883,5
883,87
883,340
884,1
884,291
884,9
885,1
885,544
885,21
885,11
886,16
886,115
886,181
887,1
887,200
887,48
887,9
887,36
888,1
888,223
888,9
888,36
889,2
889,141
889,55
889,169
890,1
890,9
890,11
891,1
891,9
891,11
891,14
892,2
892,165
892,56
892,57
893,1
893,200
893,94
894,1
894,223
894,296
895,2
895,567
895,75
895,11
896,2
896,568
896,169
897,2
897,3
898,55
898,206
898,2
898,237
899,48
899,1
899,13
899,67
900,9
900,2
901,2
901,569
901,570
901,11
901,57
901,353
901,571
902,2
902,53
902,167
903,48
903,1
903,12
903,9
904,55
904,206
904,2
904,11
905,2
905,237
905,55
905,206
906,1
906,9
906,223
906,14
907,1
907,43
907,12
907,3
908,1
908,266
908,3
909,1
909,223
909,6
909,64
909,9
910,1
910,200
910,87
910,94
911,1
911,9
911,117
912,332
912,106
912,19
912,1
913,1
913,108
913,572
913,3
914,40
914,257
914,573
915,46
915,69
915,68
915,574
915,575
915,19
915,238
915,52
916,55
916,206
916,237
916,239
916,576
916,165
917,55
917,206
917,237
917,577
917,151
918,55
918,206
918,3
918,14
919,55
919,179
919,19
919,40
920,55
920,237
920,239
921,137
921,111
921,19
921,46
921,70
921,78
922,163
922,137
923,34
924,55
924,172
924,40
924,399
924,46
924,578
925,34
925,369
925,358
925,387
926,16
926,186
926,330
926,136
926,36
927,26
927,27
927,579
927,164
927,10
927,36
928,70
928,168
928,110
928,111
929,1
929,145
929,9
930,16
930,330
930,109
930,55
931,16
931,7
931,322
931,330
932,205
932,53
932,16
933,16
933,1
933,148
933,186
934,11
934,96
934,19
934,3
935,109
935,11
935,111
936,11
936,518
936,137
937,109
937,11
938,11
938,7
939,430
939,16
940,11
940,518
940,356
940,580
941,109
941,11
941,387
942,521
942,451
942,544
942,176
942,175
942,14
942,36
943,581
943,398
943,582
943,583
944,45
944,584
944,46
944,585
944,26
944,27
945,16
945,175
945,559
945,168
946,19
946,137
947,60
947,228
948,19
948,586
948,55
948,206
948,587
948,140
949,55
949,206
949,181
949,19
950,16
950,588
950,207
950,589
950,168
951,1
951,80
951,9
951,3
951,36
952,36
952,8
952,246
952,19
953,36
953,109
953,11
954,134
954,109
954,106
955,19
955,1
955,106
956,1
956,266
956,200
956,87
957,1
957,196
957,590
957,7
958,1
958,21
958,466
959,1
959,67
959,200
959,174
959,36
960,1
960,57
961,1
961,273
961,192
961,19
962,82
962,26
962,110
962,46
962,62
963,121
963,16
963,21
963,30
964,202
964,18
964,91
964,135
964,591
964,545
964,592
965,16
965,593
966,19
966,16
966,1
966,157
966,148
967,31
967,82
967,70
967,121
968,81
968,388
968,16
968,594
968,202
968,128
968,19
968,185
969,55
969,181
969,239
970,55
970,206
970,216
970,28
971,55
971,206
971,181
971,8
972,1
972,595
973,148
973,109
973,387
974,1
974,168
974,596
974,41
975,79
975,148
975,597
975,598
975,143
976,512
976,111
977,53
977,109
977,36
978,175
978,11
978,282
978,283
978,528
978,529
979,3
979,115
980,106
980,20
980,599
980,259
981,110
981,19
981,46
982,31
982,20
983,3
983,269
983,8
984,16
984,186
984,11
984,180
985,16
985,1
985,18
985,109
985,36
986,3
986,600
986,53
986,465
987,33
987,186
987,180
988,2
988,141
988,11
988,165
989,10
989,60
989,106
990,3
990,601
990,167
991,3
991,601
991,10
992,9
992,11
992,40
993,55
993,38
994,3
994,167
994,130
995,55
995,70
995,110
995,111
996,11
996,10
996,22
997,9
997,285
997,167
998,9
998,53
998,372
999,19
999,602
999,135
999,285
1000,43
1000,46
1000,47
1000,603
1001,150
1001,238
1001,46
1002,34
1002,14
1002,604
1002,22
1002,3
1002,19
1002,46
1003,16
1003,549
1003,7
1003,40
1003,36
1004,55
1004,206
1004,239
1005,110
1005,20
1006,175
1006,176
1006,11
1007,136
1007,68
1007,605
1008,16
1008,175
1008,168
1008,18
1009,16
1009,333
1009,157
1009,134
1010,10
1010,47
1011,34
1011,60
1011,111
1012,53
1012,14
1012,49
1012,50
1012,40
1012,36
1013,1
1013,80
1013,196
1014,31
1014,19
1014,60
1015,1
1015,13
1015,43
1015,16
1015,32
1016,16
1016,21
1016,11
1016,48
1017,31
1017,14
1017,163
1017,340
1017,512
1018,192
1018,14
1018,88
1018,121
1019,40
1019,285
1019,191
1020,178
1020,35
1020,380
1021,136
1021,109
1022,19
1022,380
1022,606
1023,46
1023,53
1023,14
1024,606
1024,91
1024,135
1024,43
1024,48
1025,313
1025,22
1025,167
1026,16
1026,204
1026,205
1026,134
1027,55
1027,187
1027,228
1028,380
1028,3
1029,3
1029,607
1029,91
1029,135
1029,545
1030,14
1030,465
1030,111
1031,14
1031,109
1031,115
1032,155
1032,608
1033,1
1033,80
1033,149
1034,16
1034,460
1034,87
1035,40
1035,272
1035,78
1035,609
1036,1
1036,16
1036,80
1036,148
1036,93
1036,30
1036,48
1036,70
1037,106
1038,16
1038,93
1038,610
1038,36
1039,16
1039,611
1039,11
1040,55
1040,206
1040,181
1040,216
1040,536
1040,612
1041,55
1041,578
1041,77
1041,129
1041,271
1042,31
1042,331
1042,19
1042,87
1043,31
1043,20
1043,19
1043,14
1043,3
1044,70
1044,78
1044,11
1044,19
1044,176
1045,19
1045,168
1045,16
1045,97
1046,60
1046,211
1046,106
1047,3
1047,613
1047,600
1047,614
1048,11
1048,55
1048,111
1049,366
1049,3
1050,104
1050,9
1050,459
1051,87
1051,545
1051,91
1051,135
1051,111
1052,11
1052,130
1052,55
1052,206
1053,87
1053,181
1053,18
1054,19
1054,167
1054,78
1054,23
1055,41
1055,196
1055,88
1055,121
1056,19
1056,187
1056,131
1056,136
1056,426
1057,16
1057,9
1057,3
1058,16
1058,128
1058,615
1058,36
1059,109
1059,60
1059,111
1060,36
1060,18
1060,110
1060,111
1061,313
1061,154
1062,202
1062,325
1062,330
1063,53
1063,243
1063,35
1064,202
1064,87
1064,16
1064,18
1065,313
1065,136
1065,167
1066,109
1066,369
1066,11
1067,14
1067,167
1067,111
1068,168
1068,34
1069,109
1069,8
1070,9
1070,137
1070,104
1071,16
1071,250
1071,19
1071,137
1071,70
1072,202
1072,330
1072,329
1073,16
1073,616
1073,137
1073,72
1073,30
1073,345
1074,1
1074,80
1074,196
1075,145
1075,2
1075,40
1076,40
1076,617
1077,55
1077,206
1077,19
1077,2
1077,307
1078,1
1078,200
1078,17
1078,9
1078,36
1079,1
1079,55
1080,16
1080,157
1080,186
1080,1
1080,618
1081,55
1081,206
1081,619
1081,239
1081,151
1082,2
1082,55
1083,2
1083,9
1083,356
1084,181
1084,55
1084,239
1085,2
1085,395
1085,19
1086,2
1086,9
1086,395
1086,620
1086,169
1086,621
1087,2
1087,46
1087,333
1088,9
1088,3
1088,19
1088,2
1089,40
1089,14
1089,20
1090,110
1090,111
1090,20
1091,332
1091,106
1091,70
1091,3
1092,16
1092,425
1092,40
1092,603
1093,31
1093,121
1093,19
1093,1
1093,16
1093,157
1094,121
1094,16
1094,106
1095,20
1095,163
1095,137
1096,109
1096,167
1096,285
1096,169
1096,30
1097,87
1097,7
1098,366
1098,109
1099,115
1099,622
1099,167
1100,68
1100,554
1101,60
1101,110
1101,111
1102,16
1102,623
1102,367
1103,3
1103,167
1104,16
1104,57
1104,85
1104,588
1105,35
1106,624
1106,107
1106,625
1107,624
1107,486
1107,296
1108,16
1108,7
1108,626
1108,320
1108,121
1108,128
1108,345
1108,30
1108,26
1108,47
1108,36
1109,134
1109,40
1110,187
1110,437
1110,46
1110,36
1111,1
1111,266
1111,19
1111,420
1111,627
1112,46
1112,628
1112,498
1112,629
1113,46
1113,45
1113,19
1113,81
1113,157
1113,68
1114,81
1114,46
1114,555
1114,630
1114,409
1114,43
1114,34
1115,81
1115,46
1115,68
1115,106
1115,52
1116,81
1116,46
1116,58
1116,395
1116,19
1116,26
1116,27
1117,81
1117,46
1117,68
1117,58
1118,1
1118,7
1118,495
1118,222
1118,631
1119,488
1119,35
1119,288
1120,157
1120,354
1120,355
1120,16
1121,202
1121,354
1121,487
1121,632
1122,1
1122,146
1123,21
1123,16
1123,354
1123,376
1124,3
1124,557
1124,115
1124,67
1124,120
1125,157
1125,204
1125,368
1126,1
1126,354
1126,487
1126,347
1127,68
1127,148
1127,98
1127,57
1128,45
1128,40
1128,46
1129,16
1129,7
1129,626
1129,633
1129,330
1130,634
1131,46
1131,163
1131,19
1131,635
1131,301
1132,19
1132,157
1132,46
1132,109
1133,16
1133,366
1133,636
1133,288
1134,19
1134,217
1135,46
1135,78
1135,217
1135,177
1136,16
1136,32
1136,5
1136,637
1137,16
1137,549
1137,330
1138,1
1138,199
1138,130
1139,19
1139,638
1139,639
1139,640
1140,19
1140,108
1140,585
1141,361
1141,96
1141,197
1142,19
1142,623
1142,5
1142,356
1143,420
1143,627
1143,641
1143,200
1143,84
1143,48
1143,642
1143,97
1144,62
1144,585
1144,46
1144,68
1144,69
1145,19
1145,643
1145,40
1146,643
1146,40
1146,257
1147,644
1147,366
1147,645
1148,360
1148,35
1149,31
1149,121
1149,19
1149,1
1150,36
1151,36
1151,20
1151,19
1152,36
1152,111
1152,19
1152,11
1153,31
1153,19
1153,109
1154,31
1154,20
1154,36
1155,19
1155,137
1156,111
1156,167
1157,36
1157,137
1157,111
1158,36
1159,77
1159,4
1159,36
1160,110
1160,111
1160,19
1160,99
1161,599
1161,259
1161,646
1162,155
1162,19
1162,22
1163,41
1163,3
1163,104
1164,155
1164,156
1165,106
1165,110
1165,111
1166,106
1166,20
1166,219
1167,106
1167,647
1167,87
1168,20
1168,106
1169,259
1169,19
1169,87
1170,259
1170,239
1170,106
1171,106
1172,106
1172,259
1173,106
1173,20
1174,259
1175,22
1175,3
1175,110
1175,111
1176,20
1177,599
1177,371
1177,112
1177,565
1177,259
1178,21
1178,209
1178,106
1179,371
1179,112
1180,259
1180,19
1180,21
1181,371
1181,112
1181,19
1181,21
1182,112
1182,19
1182,21
1183,599
1183,259
1184,599
1184,19
1184,21
1185,259
1185,20
1186,106
1186,21
1187,599
1187,259
1187,19
1187,21
1188,106
1188,19
1188,21
1189,259
1189,70
1189,21
1190,19
1190,21
1190,106
1191,259
1191,20
1192,599
1192,60
1192,19
1192,21
1193,259
1193,19
1193,21
1194,259
1194,648
1194,599
1194,19
1194,21
1195,259
1195,70
1195,21
1196,599
1196,111
1196,21
1196,259
1197,19
1197,21
1197,106
1197,110
1197,111
1198,106
1198,60
1199,20
1200,55
1200,151
1200,18
1201,18
1201,91
1201,135
1202,36
1202,18
1202,110
1202,20
1203,16
1203,168
1203,163
1203,20
1204,110
1204,111
1204,649
1205,167
1205,46
1205,106
1206,137
1206,20
1206,109
1206,38
1207,31
1207,20
1208,31
1208,20
1208,70
1209,9
1209,104
1209,11
1210,650
1210,55
1210,206
1211,16
1211,128
1211,345
1212,16
1212,46
1212,68
1212,11
1213,16
1213,46
1213,36
1214,1
1214,80
1214,196
1214,87
1214,368
1215,202
1215,330
1216,16
1216,325
1216,132
1217,202
1217,118
1217,119
1218,16
1218,1
1219,16
1219,98
1219,5
1219,494
1220,16
1220,168
1220,212
1220,36
1221,31
1221,20
1221,36
1222,167
1222,109
1222,110
1222,111
1223,16
1223,295
1223,84
1223,290
1224,643
1224,366
1225,16
1225,54
1225,325
1225,65
1226,121
1226,651
1226,343
1227,31
1227,20
1228,313
1228,3
1228,22
1228,20
1229,31
1229,20
1229,88
1230,9
1230,135
1230,104
1231,16
1231,9
1231,3
1232,313
1232,165
1233,9
1233,163
1233,104
1234,55
1234,206
1234,36
1234,109
1234,652
1235,202
1235,87
1235,16
1235,209
1235,72
1236,202
1236,87
1236,653
1237,16
1237,330
1237,235
1238,9
1238,137
1238,104
1238,56
1238,57
1239,53
1239,243
1239,30
1239,88
1239,121
1240,31
1240,20
1240,34
1241,217
1241,18
1241,91
1241,135
1242,82
1242,19
1242,16
1242,111
1243,369
1244,20
1244,416
1245,36
1245,110
1245,111
1246,31
1246,20
1246,19
1246,53
1247,20
1248,137
1248,19
1248,110
1248,20
1249,205
1249,157
1249,158
1249,20
1250,137
1250,20
1250,19
1250,205
1251,36
1252,110
1252,111
1253,109
1253,46
1253,5
1254,31
1254,20
1254,19
1254,11
1255,20
1256,20
1257,181
1257,55
1258,55
1258,110
1258,111
1259,19
1259,70
1260,110
1260,111
1261,16
1261,611
1261,11
1261,136
1262,137
1262,357
1263,110
1263,111
1263,137
1263,55
1263,654
1263,26
1263,122
1264,16
1264,11
1264,5
1264,136
1265,19
1265,21
1265,53
1265,368
1266,31
1266,20
1266,106
1266,111
1266,612
1267,137
1268,137
1268,8
1268,20
1268,19
1268,11
1269,187
1269,184
1269,339
1270,70
1270,16
1270,1
1270,259
1271,19
1271,578
1271,132
1271,78
1271,133
1272,16
1272,32
1272,33
1272,18
1272,655
1273,19
1273,656
1273,132
1273,270
1273,589
1274,31
1274,20
1274,19
1274,366
1275,31
1275,19
1276,46
1276,53
1276,62
1277,46
1277,53
1277,277
1278,19
1278,183
1278,136
1278,141
1279,19
1279,187
1279,55
1280,31
1280,20
1280,60
1281,163
1281,137
1281,11
1282,19
1282,137
1282,20
1283,111
1283,163
1283,137
1284,110
1284,111
1284,19
1284,20
1285,19
1285,26
1285,55
1285,111
1286,70
1286,16
1286,1
1286,259
1286,19
1286,46
1287,7
1287,345
1287,32
1287,18
1287,87
1288,20
1288,19
1288,46
1288,151
1289,31
1289,111
1289,19
1289,46
1290,110
1290,19
1290,9
1291,45
1291,46
1291,68
1291,52
1292,110
1292,111
1292,19
1292,46
1293,31
1293,14
1293,19
1293,111
1294,20
1295,19
1295,578
1295,70
1295,40
1295,307
1296,31
1296,19
1296,87
1297,381
1297,19
1297,3
1298,16
1298,21
1298,5
1298,287
1299,20
1299,416
1300,19
1300,40
1300,78
1300,132
1301,19
1301,40
1301,46
1301,110
1301,111
1302,19
1302,307
1302,70
1302,132
1302,111
1303,184
1303,187
1304,31
1304,19
1304,62
1305,163
1305,369
1305,110
1305,111
1306,31
1306,20
1307,110
1307,111
1307,109
1307,387
1308,110
1308,217
1309,31
1309,20
1310,46
1310,69
1310,60
1311,9
1311,60
1311,304
1312,46
1312,53
1312,111
1313,137
1314,19
1314,578
1314,55
1315,19
1315,573
1315,70
1315,40
1315,132
1316,31
1316,20
1316,60
1317,31
1317,20
1317,19
1318,60
1318,110
1318,111
1319,16
1319,186
1319,5
1319,328
1320,109
1320,8
1320,110
1320,111
1321,20
1322,20
1322,111
1322,36
1323,163
1323,111
1323,19
1323,46
1323,58
1324,181
1324,55
1324,146
1325,16
1325,19
1325,128
1325,32
1326,345
1327,97
1327,366
1327,367
1328,16
1328,1
1328,463
1328,596
1328,168
1329,448
1329,304
1329,2
1330,16
1330,222
1330,72
1330,253
1330,18
1331,16
1331,168
1331,36
1332,16
1332,149
1332,657
1332,658
1332,19
1332,186
1333,1
1333,16
1333,229
1333,230
1334,16
1334,1
1334,484
1334,659
1334,93
1334,660
1335,16
1335,7
1335,98
1335,265
1336,19
1336,1
1337,31
1337,20
1337,60
1338,16
1338,1
1338,422
1338,25
1339,31
1339,20
1339,19
1339,22
1340,1
1340,168
1340,16
1341,1
1341,153
1341,346
1342,1
1342,168
1342,163
1342,20
1343,16
1343,1
1343,80
1343,398
1344,1
1344,16
1344,121
1345,16
1345,1
1345,7
1345,345
1345,351
1346,1
1346,168
1346,278
1346,356
1347,2
1347,16
1347,1
1348,1
1348,168
1348,137
1348,20
1349,1
1349,168
1349,16
1349,583
1350,16
1350,1
1350,444
1351,16
1351,168
1351,366
1352,1
1352,16
1352,88
1353,16
1353,168
1353,661
1353,662
1353,111
1354,1
1354,16
1354,374
1355,16
1355,1
1356,168
1356,596
1356,16
1356,1
1357,19
1357,663
1358,16
1358,1
1358,282
1358,283
1359,16
1359,1
1359,87
1360,16
1360,1
1360,273
1360,664
1361,16
1361,1
1361,21
1361,340
1362,16
1362,1
1362,5
1363,16
1363,1
1364,16
1364,1
1364,18
1364,594
1364,30
1365,16
1365,448
1365,98
1366,1
1366,9
1366,288
1366,121
1367,16
1367,168
1367,19
1367,33
1368,16
1368,80
1369,46
1369,94
1369,137
1369,20
1370,665
1370,666
1370,26
1370,46
1371,16
1371,1
1371,5
1372,137
1372,111
1373,67
1373,167
1374,16
1374,168
1374,443
1374,88
1375,202
1375,149
1376,19
1376,9
1376,16
1376,168
1377,16
1377,195
1377,128
1377,187
1377,40
1377,30
1378,16
1378,1
1378,426
1378,658
1379,16
1379,168
1379,22
1380,16
1380,1
1380,559
1381,16
1381,1
1381,7
1382,19
1382,16
1382,168
1382,43
1382,70
1383,16
1383,168
1383,19
1383,98
1384,16
1384,5
1384,291
1385,16
1385,1
1385,494
1386,16
1386,209
1386,366
1387,16
1387,168
1387,36
1388,1
1388,146
1388,109
1389,304
1389,11
1389,186
1390,1
1390,168
1390,20
1391,463
1391,667
1391,16
1391,1
1391,14
1391,34
1392,168
1392,229
1392,387
1392,230
1393,136
1393,1
1393,16
1394,81
1394,121
1394,1
1394,209
1394,16
1395,16
1395,14
1395,1
1395,53
1395,166
1396,16
1396,1
1396,19
1397,20
1398,31
1398,20
1398,19
1398,167
1399,19
1400,20
1401,16
1401,1
1401,200
1402,202
1402,7
1402,186
1403,1
1403,16
1403,149
1404,1
1404,493
1404,494
1404,668
1404,136
1404,36
1405,1
1405,80
1405,30
1406,167
1406,605
1406,19
1406,202
1406,7
1407,1
1407,16
1407,7
1407,345
1408,19
1408,1
1408,168
1408,16
1408,7
1409,1
1409,168
1409,356
1409,649
1410,16
1410,1
1410,21
1411,1
1411,168
1411,12
1412,16
1412,1
1412,149
1413,1
1413,168
1413,669
1413,36
1414,16
1414,1
1414,559
1415,16
1415,1
1415,209
1416,1
1416,168
1417,16
1417,1
1418,1
1418,16
1418,326
1418,14
1418,77
1418,30
1419,1
1419,16
1419,7
1420,16
1420,1
1420,670
1421,1
1421,187
1422,16
1422,1
1423,209
1423,671
1424,16
1424,1
1424,148
1425,202
1425,168
1425,494
1426,31
1426,19
1426,39
1427,16
1427,168
1427,36
1428,16
1428,1
1428,118
1428,119
1429,16
1429,1
1429,168
1429,143
1430,168
1430,16
1430,1
1430,36
1431,1
1431,20
1432,1
1432,168
1432,20
1433,110
1433,672
1434,16
1434,5
1434,1
1435,1
1435,36
1436,1
1436,168
1436,16
1436,111
1437,16
1437,1
1437,10
1438,16
1438,7
1438,186
1438,345
1438,1
1439,19
1439,463
1439,356
1439,669
1440,1
1440,168
1440,53
1441,1
1441,16
1441,121
1442,16
1442,1
1442,342
1442,343
1442,367
1443,16
1443,1
1443,209
1443,56
1444,202
1444,200
1445,136
1445,55
1446,1
1446,168
1446,146
1446,20
1447,673
1447,521
1447,16
1447,333
1447,1
1447,674
1447,675
1447,676
1447,677
1447,678
1447,301
1448,1
1448,367
1448,679
1449,19
1449,16
1449,1
1449,186
1449,96
1450,31
1450,14
1451,19
1451,16
1451,70
1451,1
1451,137
1451,111
1452,9
1452,4
1452,45
1453,58
1453,60
1453,165
1453,46
1453,117
1454,136
1454,69
1454,304
1455,109
1455,167
1455,210
1455,20
1456,45
1456,58
1456,26
1456,27
1456,56
1456,57
1457,46
1457,137
1457,78
1457,235
1457,253
1457,19
1458,26
1458,27
1458,304
1458,146
1459,26
1459,27
1459,584
1459,680
1459,585
1459,131
1460,45
1460,58
1460,68
1460,69
1460,51
1460,680
1460,26
1460,681
1460,36
1461,45
1461,584
1461,680
1461,26
1461,585
1461,27
1462,58
1462,68
1462,69
1462,40
1462,36
1463,45
1463,56
1463,57
1463,58
1463,26
1463,27
1464,55
1464,206
1464,19
1464,2
1464,387
1465,9
1465,55
1466,58
1466,60
1466,165
1466,53
1466,131
1467,62
1467,30
1467,196
1467,58
1467,46
1467,68
1468,682
1468,72
1468,21
1468,30
1469,19
1469,23
1469,24
1469,58
1469,26
1469,27
1470,19
1470,79
1470,157
1470,45
1470,56
1470,57
1470,36
1471,9
1471,683
1472,19
1472,132
1472,46
1472,36
1472,58
1472,42
1473,58
1473,59
1473,60
1473,201
1473,51
1474,45
1474,58
1474,59
1474,68
1474,69
1474,46
1474,51
1475,45
1475,46
1475,58
1475,40
1475,36
1476,1
1476,684
1476,322
1476,58
1476,60
1476,165
1477,58
1477,60
1477,165
1477,584
1477,30
1478,53
1478,14
1478,42
1478,40
1479,333
1479,47
1479,445
1480,26
1480,27
1480,584
1480,56
1480,57
1480,9
1480,464
1480,585
1480,30
1481,19
1481,16
1481,1
1481,3
1482,685
1482,22
1482,41
1482,19
1483,19
1483,42
1483,204
1484,41
1484,46
1484,68
1484,69
1484,30
1485,45
1485,584
1485,9
1485,57
1485,47
1485,36
1485,30
1485,585
1485,686
1486,58
1486,59
1486,53
1486,290
1487,26
1487,27
1487,680
1487,585
1487,169
1488,121
1488,1
1488,109
1489,28
1489,16
1489,1
1489,256
1489,305
1489,22
1489,3
1490,106
1490,104
1490,188
1491,1
1491,157
1491,514
1491,137
1492,463
1492,1
1492,16
1492,19
1493,19
1493,18
1493,84
1494,53
1494,687
1495,629
1495,78
1495,53
1496,688
1496,41
1496,628
1497,55
1497,26
1497,46
1497,9
1497,134
1498,19
1498,578
1498,58
1498,243
1498,40
1498,36
1499,53
1499,78
1499,117
1500,53
1500,19
1500,26
1500,584
1501,1
1501,75
1501,462
1501,269
1502,132
1502,689
1502,131
1502,111
1502,43
1503,80
1503,603
1503,117
1503,57
1504,58
1504,46
1504,68
1504,40
1504,36
1505,80
1505,104
1505,690
1505,227
1506,19
1506,170
1506,104
1507,41
1507,16
1507,3
1507,46
1507,36
1508,41
1508,16
1508,87
1508,691
1509,80
1509,692
1509,231
1509,693
1509,30
1510,1
1510,176
1510,498
1510,628
1511,104
1511,147
1511,694
1512,80
1512,57
1512,688
1512,7
1513,55
1513,26
1513,62
1513,695
1514,55
1514,26
1514,158
1514,696
1515,16
1515,326
1515,5
1516,97
1516,290
1517,48
1517,567
1517,379
1517,311
1517,104
1518,282
1518,114
1518,283
1518,662
1518,120
1518,115
1519,186
1519,449
1519,5
1520,19
1520,80
1520,9
1520,36
1520,138
1520,3
1520,423
1520,221
1521,16
1521,93
1521,697
1521,698
1522,2
1522,55
1522,159
1523,699
1523,396
1523,72
1523,19
1523,294
1523,700
1523,215
1524,80
1524,701
1524,57
1524,702
1524,16
1524,32
1524,30
1525,1
1525,703
1525,18
1526,704
1526,705
1526,19
1527,16
1527,1
1527,19
1528,1
1528,36
1528,26
1528,27
1529,36
1529,34
1530,19
1530,706
1530,707
1530,22
1531,19
1531,578
1531,333
1531,157
1531,445
1531,30
1531,584
1532,79
1532,16
1532,1
1532,80
1533,20
1533,19
1533,57
1533,708
1534,9
1534,120
1534,115
1534,104
1534,96
1534,197
1534,198
1534,367
1535,22
1535,296
1535,23
1535,77
1536,1
1536,16
1537,282
1537,114
1537,709
1537,710
1537,711
1537,132
1538,19
1538,9
1538,5
1539,19
1539,23
1539,24
1539,26
1539,27
1540,1
1540,712
1540,16
1540,6
1540,36
1541,2
1541,85
1541,68
1542,9
1542,77
1543,14
1543,126
1543,713
1544,19
1544,16
1544,212
1545,48
1545,9
1545,55
1545,714
1546,30
1546,243
1546,157
1546,158
1546,205
1546,121
1547,379
1547,407
1547,523
1547,360
1547,16
1547,715
1548,20
1548,80
1548,78
1549,68
1549,55
1549,36
1550,19
1550,175
1551,19
1551,147
1551,716
1551,498
1552,19
1552,3
1552,155
1553,19
1553,62
1553,30
1553,46
1553,157
1554,1
1554,706
1554,273
1554,68
1554,36
1555,53
1555,40
1555,46
1555,70
1555,3
1555,209
1556,1
1556,16
1556,21
1556,6
1556,276
1557,175
1557,28
1558,30
1558,67
1558,157
1558,333
1558,9
1559,19
1559,23
1559,24
1560,16
1560,9
1560,5
1561,19
1561,16
1561,1
1561,18
1562,70
1562,583
1562,391
1562,275
1562,30
1563,19
1563,134
1563,717
1563,9
1563,674
1563,675
1563,245
1563,691
1564,34
1564,369
1564,17
1564,718
1565,9
1565,320
1565,1
1566,19
1566,16
1566,80
1566,28
1566,87
1566,719
1567,121
1567,28
1567,288
1568,720
1568,9
1568,578
1568,30
1569,80
1569,76
1569,721
1569,53
1570,16
1570,434
1570,45
1571,70
1571,16
1571,1
1571,19
1571,722
1571,207
1572,1
1572,176
1572,306
1572,379
1572,311
1572,523
1572,360
1572,723
1573,19
1573,9
1573,55
1573,441
1574,3
1574,724
1574,302
1574,344
1575,18
1575,87
1576,409
1576,87
1576,165
1577,19
1577,16
1577,111
1578,164
1578,87
1578,725
1578,91
1578,68
1579,3
1579,366
1579,559
1580,68
1580,357
1580,358
1581,55
1582,181
1582,60
1582,55
1582,206
1583,16
1583,87
1583,18
1584,187
1584,131
1584,183
1584,184
1585,106
1585,70
1585,14
1586,109
1586,356
1587,16
1587,168
1587,36
1588,163
1588,512
1588,369
1589,109
1589,38
1589,210
1589,87
1590,16
1590,726
1590,87
1590,325
1591,16
1591,91
1591,135
1591,137
1592,16
1592,87
1592,36
1593,109
1593,110
1594,31
1594,20
1595,16
1595,87
1595,337
1595,368
1596,555
1596,20
1596,31
1596,111
1596,356
1597,1
1597,200
1597,87
1597,453
1598,137
1598,163
1599,16
1599,87
1599,528
1599,529
1600,1
1600,421
1600,87
1601,80
1601,87
1601,88
1601,121
1602,94
1602,87
1603,3
1603,87
1603,40
1604,55
1604,151
1604,36
1605,1
1605,167
1605,20
1606,22
1606,167
1606,36
1607,137
1608,332
1608,106
1609,84
1609,106
1609,332
1610,20
1610,111
1611,8
1611,239
1612,110
1612,111
1612,19
1612,16
1613,19
1613,16
1613,1
1613,20
1614,16
1614,5
1614,46
1614,11
1614,30
1614,146
1615,286
1615,727
1615,55
1615,70
1615,46
1616,109
1616,20
1616,34
1616,288
1617,175
1617,87
1617,346
1618,87
1618,3
1618,9
1619,41
1619,16
1619,11
1619,163
1620,1
1620,87
1620,72
1620,168
1621,31
1621,19
1621,728
1621,87
1622,53
1622,132
1622,3
1623,20
1623,166
1624,87
1624,60
1624,167
1625,1
1625,87
1625,295
1626,1
1626,168
1626,87
1626,3
1627,175
1627,87
1628,1
1628,87
1628,60
1629,16
1629,84
1629,486
1629,87
1629,147
1630,84
1630,87
1630,486
1631,19
1631,16
1631,1
1632,19
1632,53
1632,14
1632,3
1633,16
1633,196
1633,405
1634,87
1635,46
1635,130
1635,211
1636,163
1636,87
1636,60
1636,19
1637,46
1637,87
1637,167
1638,16
1638,729
1638,87
1638,486
1638,19
1638,307
1638,36
1639,16
1639,1
1639,84
1639,486
1640,16
1640,7
1640,87
1641,1
1641,84
1641,87
1641,190
1641,96
1641,371
1642,290
1642,87
1642,164
1643,164
1643,87
1643,585
1643,60
1644,87
1644,486
1644,46
1645,16
1645,730
1645,423
1645,87
1646,486
1646,87
1647,1
1647,12
1647,77
1648,46
1648,68
1648,69
1648,390
1648,62
1648,72
1649,87
1649,3
1649,68
1649,97
1650,87
1650,18
1650,36
1651,1
1651,80
1651,87
1651,213
1652,16
1652,486
1652,164
1652,87
1653,16
1653,17
1653,528
1653,529
1654,486
1654,87
1654,84
1655,731
1655,106
1656,16
1656,730
1656,263
1656,264
1657,16
1657,87
1657,132
1657,656
1657,7
1658,275
1659,704
1659,396
1660,1
1660,391
1660,356
1661,19
1661,16
1661,396
1661,211
1662,19
1662,200
1662,391
1663,1
1663,207
1663,68
1663,77
1664,1
1664,16
1664,559
1665,19
1665,169
1665,9
1666,3
1666,5
1666,22
1667,16
1667,291
1667,5
1667,3
1667,73
1667,47
1668,200
1668,68
1668,96
1668,199
1669,599
1669,259
1669,19
1669,371
1670,109
1670,68
1670,111
1671,16
1671,168
1671,19
1672,16
1672,153
1672,346
1673,19
1673,16
1673,1
1673,110
1673,111
1674,19
1674,16
1674,276
1675,36
1675,20
1676,19
1676,77
1676,70
1676,131
1677,16
1677,168
1677,275
1677,259
1677,260
1678,275
1678,1
1678,732
1678,397
1679,1
1679,16
1680,1
1680,168
1680,19
1680,16
1681,33
1681,8
1682,33
1682,437
1683,1
1683,168
1683,76
1683,494
1684,1
1684,42
1684,36
1685,386
1685,11
1685,427
1685,106
1686,97
1686,96
1686,217
1686,472
1687,31
1687,36
1687,11
1687,733
1688,16
1688,734
1688,735
1688,19
1689,97
1689,199
1689,498
1689,96
1690,19
1690,705
1690,46
1690,16
1691,68
1691,379
1691,311
1692,53
1692,146
1692,34
1693,1
1693,168
1693,14
1693,111
1694,235
1694,253
1694,16
1694,322
1695,736
1695,20
1695,282
1695,283
1696,19
1696,243
1696,106
1696,53
1696,36
1697,45
1697,187
1697,26
1697,134
1697,158
1698,1
1698,737
1698,45
1699,252
1699,278
1699,68
1699,738
1700,34
1700,137
1700,111
1701,48
1701,46
1701,57
1701,69
1701,1
1701,739
1701,72
1702,104
1702,9
1702,77
1702,46
1702,68
1703,16
1703,740
1703,342
1703,345
1703,72
1703,594
1704,452
1704,53
1705,463
1705,62
1705,58
1705,68
1706,60
1706,46
1706,36
1707,357
1708,40
1708,167
1708,11
1708,45
1709,252
1709,68
1709,278
1709,741
1710,19
1710,16
1710,1
1710,398
1710,275
1710,742
1711,111
1711,34
1712,55
1712,26
1713,70
1713,16
1713,168
1714,68
1714,199
1714,1
1715,19
1715,16
1715,168
1715,212
1715,732
1715,669
1715,743
1716,1
1716,209
1716,14
1716,10
1716,167
1717,134
1717,22
1718,36
1718,34
1718,19
1718,26
1719,60
1719,87
1719,366
1720,398
1720,581
1720,288
1721,16
1721,1
1721,120
1721,115
1722,259
1722,260
1722,112
1723,36
1724,121
1724,168
1724,494
1724,70
1725,36
1725,374
1725,744
1726,19
1726,68
1726,463
1726,356
1727,409
1727,19
1727,16
1727,1
1727,196
1727,21
1728,19
1728,168
1728,16
1728,745
1729,19
1729,663
1730,19
1730,690
1730,688
1730,172
1731,19
1731,168
1731,259
1731,260
1732,647
1732,68
1732,109
1732,8
1733,19
1733,704
1733,144
1734,3
1734,68
1734,116
1735,36
1735,19
1736,19
1736,391
1737,34
1737,109
1737,408
1737,8
1738,357
1738,109
1738,36
1739,18
1739,734
1740,97
1740,96
1740,20
1741,36
1741,16
1741,116
1741,70
1741,746
1742,58
1742,304
1742,257
1743,36
1743,343
1743,19
1743,9
1744,19
1744,53
1744,36
1744,110
1744,20
1745,36
1745,20
1745,19
1745,3
1746,109
1746,36
1747,11
1747,163
1747,19
1747,136
1748,275
1748,583
1748,582
1748,121
1749,111
1749,20
1750,19
1750,1
1750,16
1750,25
1751,121
1751,40
1751,20
1751,211
1752,16
1752,295
1752,85
1752,87
1752,747
1753,239
1753,84
1754,68
1754,239
1755,4
1755,2
1755,11
1756,45
1756,40
1756,36
1756,47
1756,56
1756,57
1756,19
1756,26
1756,748
1757,9
1757,749
1757,57
1758,53
1758,78
1758,62
1758,585
1758,134
1759,58
1759,301
1759,3
1759,69
1759,14
1760,58
1760,68
1760,131
1761,94
1761,680
1761,26
1761,73
1761,27
1762,46
1762,68
1762,134
1763,46
1763,51
1763,53
1763,14
1763,49
1763,50
1764,45
1764,584
1764,131
1764,36
1764,26
1764,585
1765,68
1765,196
1766,313
1766,134
1767,70
1767,46
1767,42
1767,110
1767,94
1768,55
1768,206
1768,89
1768,16
1768,1
1769,41
1769,721
1769,36
1770,70
1770,16
1770,21
1770,2
1770,36
1771,9
1771,186
1772,55
1772,70
1772,40
1773,40
1773,9
1773,19
1774,175
1774,7
1774,330
1774,22
1774,140
1775,1
1775,98
1775,411
1775,68
1775,19
1776,121
1776,26
1776,27
1776,56
1776,57
1776,464
1776,9
1776,30
1777,19
1777,16
1777,46
1777,9
1777,68
1778,409
1778,750
1778,2
1778,188
1778,34
1779,89
1779,168
1779,494
1779,41
1779,751
1779,210
1779,752
1779,753
1780,55
1780,26
1780,48
1780,42
1780,70
1780,9
1781,3
1781,600
1781,14
1782,199
1782,411
1782,506
1782,270
1783,331
1783,36
1783,110
1783,111
1784,121
1784,90
1784,48
1785,163
1785,111
1786,1
1786,19
1786,9
1786,56
1786,57
1787,146
1787,196
1787,55
1787,70
1788,21
1788,456
1788,46
1789,70
1789,42
1789,19
1789,40
1789,55
1790,96
1790,97
1790,89
1790,252
1791,2
1791,141
1791,22
1791,169
1791,36
1791,111
1792,48
1792,26
1792,40
1792,36
1792,56
1792,57
1792,9
1792,42
1793,41
1793,46
1793,3
1793,9
1794,16
1794,186
1794,9
1794,36
1795,89
1795,209
1795,754
1795,494
1795,34
1796,1
1796,306
1796,3
1796,104
1797,1
1797,266
1797,14
1797,755
1798,110
1798,111
1798,121
1799,97
1799,14
1799,261
1800,137
1801,16
1801,330
1801,282
1801,283
1801,342
1801,366
1801,367
1801,197
1801,198
1802,1
1802,503
1802,463
1803,55
1803,26
1803,688
1803,9
1804,252
1804,104
1804,756
1805,19
1805,16
1805,32
1805,757
1805,353
1806,70
1806,16
1806,1
1806,196
1807,454
1807,41
1807,46
1808,19
1808,11
1808,9
1808,46
1809,31
1809,20
1809,19
1809,46
1809,11
1810,1
1810,16
1810,3
1811,155
1811,109
1812,20
1813,19
1813,1
1813,16
1813,112
1813,427
1813,166
1813,137
1814,31
1814,36
1814,146
1814,279
1815,46
1815,51
1815,14
1816,106
1816,259
1816,758
1817,147
1817,341
1817,2
1817,1
1818,19
1818,2
1818,237
1818,68
1819,36
1819,20
1820,20
1820,19
1821,759
1821,760
1821,761
1821,762
1821,224
1822,159
1822,40
1823,259
1824,115
1824,484
1824,173
1825,48
1825,16
1825,80
1825,65
1826,21
1826,30
1826,19
1826,46
1827,9
1828,19
1828,40
1828,53
1828,54
1829,55
1829,239
1829,146
1830,110
1830,17
1831,5
1831,121
1832,20
1833,31
1833,106
1833,134
1834,48
1834,1
1834,80
1835,19
1835,163
1835,110
1836,627
1836,112
1836,200
1836,729
1836,421
1837,346
1838,36
1838,358
1839,593
1839,199
1839,41
1840,9
1840,138
1840,763
1841,268
1841,267
1841,16
1841,84
1841,106
1842,31
1842,20
1842,369
1842,109
1843,58
1843,59
1843,68
1843,69
1843,62
1843,585
1844,390
1844,117
1844,46
1845,110
1845,111
1846,21
1846,77
1846,36
1847,84
1847,486
1847,97
1847,14
1848,486
1848,87
1848,165
1849,110
1849,121
1850,106
1850,239
1850,84
1851,106
1851,120
1851,764
1852,110
1852,19
1853,106
1854,110
1854,106
1854,280
1854,281
1855,20
1855,106
1855,111
1856,70
1856,16
1856,111
1857,106
1857,765
1857,484
1858,110
1858,106
1858,70
1858,216
1858,31
1858,288
1859,31
1859,106
1860,369
1860,19
1860,109
1860,110
1861,110
1861,111
1861,19
1862,137
1863,31
1863,20
1863,106
1864,45
1864,56
1864,57
1864,47
1864,52
1864,19
1864,49
1864,50
1864,53
1865,99
1865,134
1865,463
1865,252
1866,41
1866,16
1866,53
1867,137
1867,111
1868,19
1868,295
1868,3
1869,155
1869,211
1869,215
1870,736
1870,155
1870,211
1870,766
1871,252
1871,342
1871,343
1872,53
1872,40
1872,228
1872,269
1872,106
1872,121
1873,109
1873,210
1873,36
1874,70
1874,175
1874,176
1874,14
1875,70
1875,1
1875,209
1875,19
1875,168
1876,3
1876,308
1876,767
1877,36
1877,18
1877,192
1877,259
1878,97
1878,1
1878,14
1878,15
1879,31
1879,217
1879,8
1879,358
1879,343
1880,4
1880,181
1880,88
1881,16
1881,291
1881,5
1881,72
1881,253
1882,110
1882,111
1882,106
1883,19
1883,70
1883,110
1883,111
1884,110
1884,111
1884,19
1884,16
1885,19
1885,110
1885,111
1886,19
1886,1
1886,80
1886,196
1886,137
1886,146
1887,244
1887,192
1887,512
1887,137
1888,18
1888,137
1889,55
1889,46
1890,40
1890,163
1890,110
1890,111
1891,130
1891,40
1891,106
1892,40
1892,130
1892,60
1893,36
1893,163
1893,19
1893,269
1894,1
1894,734
1894,36
1894,111
1895,16
1895,148
1895,768
1895,217
1895,30
1896,486
1896,506
1896,96
1897,259
1897,599
1898,19
1898,16
1898,5
1898,217
1899,16
1899,302
1899,9
1899,134
1900,55
1900,134
1900,769
1901,45
1901,46
1901,40
1901,227
1901,23
1901,131
1901,686
1902,20
1903,259
1903,106
1904,31
1904,111
1904,68
1904,70
1905,20
1905,166
1906,16
1906,54
1906,65
1907,20
1907,288
1907,121
1908,109
1908,8
1908,111
1909,19
1909,14
1909,111
1909,269
1910,20
1910,166
1911,31
1911,20
1911,137
1912,9
1912,40
1913,31
1913,106
1914,3
1914,77
1914,104
1915,31
1915,20
1915,106
1916,20
1916,211
1917,8
1917,106
1918,31
1918,211
1919,16
1919,168
1919,212
1919,111
1920,36
1920,19
1920,11
1921,45
1921,40
1921,36
1921,201
1921,46
1921,58
1921,26
1922,9
1922,333
1922,343
1923,19
1923,60
1924,55
1924,239
1924,388
1925,106
1926,259
1927,106
1927,121
1927,31
1927,20
1928,16
1928,181
1928,106
1929,55
1929,239
1929,106
1930,31
1930,454
1930,106
1930,68
1930,121
1931,211
1932,155
1932,20
1933,14
1933,770
1934,19
1934,68
1935,55
1935,70
1935,78
1935,110
1936,1
1936,34
1936,22
1937,1
1937,252
1937,771
1937,351
1937,30
1938,31
1938,20
1938,36
1938,8
1939,55
1939,772
1939,9
1939,2
1939,45
1940,2
1940,21
1940,109
1940,11
1941,16
1941,333
1941,1
1941,204
1942,55
1942,19
1942,26
1942,110
1943,31
1943,106
1943,134
1944,110
1944,70
1944,216
1945,19
1945,773
1945,68
1946,774
1946,96
1946,199
1946,166
1946,371
1947,273
1947,40
1947,46
1948,5
1948,451
1948,21
1949,109
1949,38
1949,429
1950,109
1950,106
1950,111
1951,110
1951,19
1951,53
1952,53
1952,3
1952,211
1953,181
1953,55
1953,68
1954,196
1954,775
1954,137
1954,67
1954,296
1955,106
1955,239
1956,179
1956,39
1957,11
1957,93
1957,87
1958,179
1958,106
1959,70
1959,438
1959,68
1959,134
1960,39
1960,211
1960,106
1961,19
1961,663
1962,196
1962,137
1962,559
1963,53
1963,167
1963,372
1963,135
1964,20
1965,106
1965,239
1965,84
1965,151
1966,31
1966,111
1966,20
1966,19
1966,22
1967,55
1967,599
1967,112
1968,36
1968,109
1968,20
1969,19
1969,269
1969,110
1969,111
1970,4
1970,2
1970,57
1971,167
1971,11
1971,163
1972,31
1972,121
1972,146
1972,106
1973,34
1973,20
1974,20
1975,68
1975,187
1975,366
1976,77
1976,109
1977,20
1978,53
1978,40
1979,134
1979,681
1980,31
1980,259
1980,19
1980,280
1981,211
1982,106
1982,219
1982,776
1982,777
1983,20
1983,109
1983,106
1984,155
1984,55
1985,110
1985,111
1985,19
1985,16
1986,155
1986,156
1987,110
1987,111
1987,109
1988,20
1989,211
1989,122
1990,110
1990,111
1990,20
1990,106
1990,135
1991,17
1991,211
1992,20
1993,110
1993,111
1993,19
1993,16
1994,110
1994,111
1994,17
1994,747
1995,106
1995,20
1995,155
1996,106
1997,20
1998,110
1998,111
1998,70
1998,121
1999,109
1999,512
1999,110
1999,111
2000,206
2000,55
2000,181
2000,60
2001,5
2001,778
2001,14
2002,3
2002,11
2002,186
2003,3
2003,60
2003,14
2004,55
2004,206
2004,181
2004,110
2004,111
2005,31
2005,19
2005,134
2006,20
2006,106
2006,91
2007,20
2008,31
2008,20
2008,280
2008,281
2009,111
2009,91
2009,90
2010,80
2010,77
2010,176
2010,14
2011,78
2011,60
2011,343
2012,20
2012,36
2013,16
2013,1
2013,32
2013,273
2013,19
2013,623
2014,217
2014,358
2014,20
2015,60
2015,109
2015,106
2016,155
2016,156
2017,106
2017,239
2017,20
2018,87
2018,24
2019,97
2019,14
2019,10
2019,497
2019,506
2020,40
2020,399
2020,191
2021,40
2021,617
2021,137
2021,55
2022,40
2022,3
2022,617
2023,79
2023,72
2023,681
2023,40
2024,79
2024,72
2024,40
2025,650
2025,779
2025,342
2026,409
2026,168
2026,426
2026,780
2027,31
2027,36
2027,106
2028,200
2028,84
